carrier,ship_id,cp,hull,stock_fighters,stock_corvettes,best_fighters,best_corvettes,accepts_size,options,notes
Solar Whale,80101,55,carrier/capital,0,6,13,3,3,grp 101: *0F+6C | 8F+0C; grp 103: *0F+0C | 0F+3C; grp 201: 5F+0C | 0F+0C | 0F+0C,"one system per GROUP is fielded, so alternatives are a CHOICE and are never summed; * marks the stock fit, the rest must be obtained"
CV3000,80201,40,carrier/capital,5,3,8,3,3,grp 101: *5F+3C | 5F+0C | 8F+0C; grp 201: 0F+0C | 0F+3C | 0F+0C | 0F+0C,"one system per GROUP is fielded, so alternatives are a CHOICE and are never summed; * marks the stock fit, the rest must be obtained"
Marshal Crux,80301,40,carrier/capital,6,0,10,0,"2,3",grp 102: *6F+0C | 0F+6C; grp 201: 4F+0C | 0F+0C | 0F+0C,"one system per GROUP is fielded, so alternatives are a CHOICE and are never summed; * marks the stock fit, the rest must be obtained"
Dubhe,80801,40,carrier/capital,4,0,8,0,3,grp 101: *4F+0C | 0F+4C; grp 103: 0F+4C | 4F+0C,"one system per GROUP is fielded, so alternatives are a CHOICE and are never summed; * marks the stock fit, the rest must be obtained"
Eternal Heavens,80401,40,carrier/capital,3,0,7,0,"2,3",grp 101: *3F+0C | 3F+0C | 3F+0C; grp 202: 4F+0C | 0F+4C | 0F+0C,"one system per GROUP is fielded, so alternatives are a CHOICE and are never summed; * marks the stock fit, the rest must be obtained"
FSV830,70301,40,battleship,0,0,2,3,2,grp 202: 2F+0C | 0F+0C; grp 203: 0F+0C | 0F+3C,"one system per GROUP is fielded, so alternatives are a CHOICE and are never summed; * marks the stock fit, the rest must be obtained"
Ganymede,70401,40,battleship,3,0,5,0,"2,3",grp 102: *3F+0C | 0F+3C; grp 202: 0F+0C | 2F+0C | 0F+0C,"one system per GROUP is fielded, so alternatives are a CHOICE and are never summed; * marks the stock fit, the rest must be obtained"
Thunderous Radiance,80901,35,carrier/capital,0,0,5,0,3,grp 102: *0F+0C | 0F+5C | 5F+0C,"one system per GROUP is fielded, so alternatives are a CHOICE and are never summed; * marks the stock fit, the rest must be obtained"
Predator Carrier,51001,18,cruiser,4,0,4,0,2,grp 3: *4F+0C,"one system per GROUP is fielded, so alternatives are a CHOICE and are never summed; * marks the stock fit, the rest must be obtained"
Predator Tactical Carrier,51002,18,cruiser,4,0,4,0,2,grp 3: *4F+0C,"one system per GROUP is fielded, so alternatives are a CHOICE and are never summed; * marks the stock fit, the rest must be obtained"
Predator AA Carrier,51003,18,cruiser,4,0,4,0,2,grp 3: *4F+0C,"one system per GROUP is fielded, so alternatives are a CHOICE and are never summed; * marks the stock fit, the rest must be obtained"
Jaeger Carrier,51101,20,cruiser,0,4,0,4,,grp 2: *0F+4C,"one system per GROUP is fielded, so alternatives are a CHOICE and are never summed; * marks the stock fit, the rest must be obtained"
XT 20 Escort,57301,18,cruiser,0,4,0,4,,grp 5730101: *0F+4C,"one system per GROUP is fielded, so alternatives are a CHOICE and are never summed; * marks the stock fit, the rest must be obtained"
XT 20 Carrier,57302,18,cruiser,4,0,4,0,3,grp 5730201: *4F+0C,"one system per GROUP is fielded, so alternatives are a CHOICE and are never summed; * marks the stock fit, the rest must be obtained"
Swift Carrier,57202,14,cruiser,3,0,3,0,2,grp 5720201: *3F+0C,"one system per GROUP is fielded, so alternatives are a CHOICE and are never summed; * marks the stock fit, the rest must be obtained"
Spear of Uranus,60501,35,battlecruiser,0,0,0,3,,grp 201: 0F+0C | 0F+3C | 0F+0C,"one system per GROUP is fielded, so alternatives are a CHOICE and are never summed; * marks the stock fit, the rest must be obtained"
Antontas Command Ship,60801,35,battlecruiser,0,0,0,3,,grp 201: 0F+3C | 0F+0C | 0F+0C,"one system per GROUP is fielded, so alternatives are a CHOICE and are never summed; * marks the stock fit, the rest must be obtained"
Megrez,61301,35,battlecruiser,0,0,0,3,,grp 201: 0F+3C | 0F+0C,"one system per GROUP is fielded, so alternatives are a CHOICE and are never summed; * marks the stock fit, the rest must be obtained"
Ediacaran,70501,40,battleship,0,0,0,3,3,grp 201: 2F+0C | 0F+3C,"one system per GROUP is fielded, so alternatives are a CHOICE and are never summed; * marks the stock fit, the rest must be obtained"
AC721 Amphibious,40104,12,destroyer,0,2,0,2,,grp 4010401: *0F+2C,"one system per GROUP is fielded, so alternatives are a CHOICE and are never summed; * marks the stock fit, the rest must be obtained"
Ceres Carrier,40401,8,destroyer,2,0,2,0,2,grp 4040101: *2F+0C,"one system per GROUP is fielded, so alternatives are a CHOICE and are never summed; * marks the stock fit, the rest must be obtained"
Guardian Amphibious,41002,14,destroyer,0,2,0,2,,grp 2: *0F+2C,"one system per GROUP is fielded, so alternatives are a CHOICE and are never summed; * marks the stock fit, the rest must be obtained"
Vanguard Amphibious,41301,9,destroyer,2,0,2,0,2,grp 2: *2F+0C,"one system per GROUP is fielded, so alternatives are a CHOICE and are never summed; * marks the stock fit, the rest must be obtained"
KCCPV2.0 Carrier,50104,16,cruiser,2,0,2,0,3,grp 5010401: *2F+0C,"one system per GROUP is fielded, so alternatives are a CHOICE and are never summed; * marks the stock fit, the rest must be obtained"
066 Carrier,50203,18,cruiser,0,2,0,2,,grp 5020301: *0F+2C,"one system per GROUP is fielded, so alternatives are a CHOICE and are never summed; * marks the stock fit, the rest must be obtained"
ST59,60301,28,battlecruiser,0,0,2,0,2,grp 201: 0F+0C | 2F+0C | 0F+0C,"one system per GROUP is fielded, so alternatives are a CHOICE and are never summed; * marks the stock fit, the rest must be obtained"
Indomitable Missile,67101,30,battlecruiser,0,0,0,2,,grp 201: 0F+2C | 0F+0C,"one system per GROUP is fielded, so alternatives are a CHOICE and are never summed; * marks the stock fit, the rest must be obtained"
Tundra Carrier,40702,9,destroyer,2,0,2,0,2,grp 4070201: *2F+0C,"one system per GROUP is fielded, so alternatives are a CHOICE and are never summed; * marks the stock fit, the rest must be obtained"
Vanguard Carrier,41302,10,destroyer,1,0,1,0,2,grp 2: *1F+0C,"one system per GROUP is fielded, so alternatives are a CHOICE and are never summed; * marks the stock fit, the rest must be obtained"
Vigilance Tactical,47201,8,destroyer,1,0,1,0,2,grp 4720101: *1F+0C,"one system per GROUP is fielded, so alternatives are a CHOICE and are never summed; * marks the stock fit, the rest must be obtained"
Constantine the Great,60401,35,battlecruiser,0,0,1,0,2,grp 202: 0F+0C | 1F+0C | 0F+0C,"one system per GROUP is fielded, so alternatives are a CHOICE and are never summed; * marks the stock fit, the rest must be obtained"
