name,ship_id,kind,cp,seats,group,hp,armor,ev,flight_speed,dpm_vs_ff,dpm_vs_dd,dpm_vs_ca,dpm_vs_bc,dpm_vs_cv,dpm_vs_fighter,dpm_vs_corvette,role,limit,tp,tp_max,class,notes
Stingray,11901,FT,1,3,2,5200,0,0,3200,2054.0,2280.0,2380.0,1584.0,2016.0,0.0,0.0,anti-ship,10,0,135,119,"id 11901; carried craft: cargo 0, and flight_speed is a FLIGHT speed, not a warp stat"
Newland,11701,FT,1,2,3,4680,0,0,3300,1386.0,686.0,156.0,163.0,117.0,765.0,798.0,dual,10,0,127,117,"id 11701; account calls it 'Newland'; name_en 'New Earth', cn 新大地 = new land/earth; carried craft: cargo 0, and flight_speed is a FLIGHT speed, not a warp stat"
At021 Pulse,12501,FT,1,2,3,4920,2,0,3000,1097.0,1074.0,987.0,1162.0,1094.0,284.0,839.0,dual,15,0,122,125,"id 12501; cn AT021-脉冲; carried craft: cargo 0, and flight_speed is a FLIGHT speed, not a warp stat"
AT021 Interfer,12502,FT,1,2,3,4920,0,40,3000,956.0,239.0,107.0,112.0,79.0,253.0,712.0,dual,15,0,123,125,"id 12502; account calls it 'AT021 Interfer'; AT021-战术: no real gun (25 dmg), AVOID_PROB_INC 30 + PRIORITY_ATTACK 1 - an unarmed decoy, i.e. interference; carried craft: cargo 0, and flight_speed is a FLIGHT speed, not a warp stat"
BR050 (BR050 Basic),12601,FT,1,3,2,5040,2,0,2800,2289.0,2396.0,2057.0,1435.0,1839.0,0.0,0.0,anti-ship,10,14,122,126,"id 12601; account calls it 'BR050 (BR050 Basic)'; family 'BR050', TP shared across its 3 variants; carried craft: cargo 0, and flight_speed is a FLIGHT speed, not a warp stat"
BR050 (BR050 Defense),12602,FT,1,3,2,5040,0,10,2800,1526.0,1597.0,1371.0,957.0,1226.0,0.0,0.0,anti-ship,10,14,112,126,"id 12602; account calls it 'BR050 (BR050 Defense)'; family 'BR050', TP shared across its 3 variants; carried craft: cargo 0, and flight_speed is a FLIGHT speed, not a warp stat"
BR050 (BR050 Incendiary),12603,FT,1,3,2,5040,0,0,2800,446.0,418.0,255.0,62.0,62.0,0.0,0.0,anti-ship,10,14,127,126,"id 12603; account calls it 'BR050 (BR050 Incendiary)'; family 'BR050', TP shared across its 3 variants; carried craft: cargo 0, and flight_speed is a FLIGHT speed, not a warp stat"
SC002,10201,FT,1,1,5,2850,0,50,2800,797.0,199.0,89.0,94.0,66.0,879.0,970.0,dual,15,38,135,102,"id 10201; carried craft: cargo 0, and flight_speed is a FLIGHT speed, not a warp stat"
Bullfrog,10801,FT,1,3,2,4740,0,0,2800,1999.0,2033.0,1904.0,809.0,1238.0,0.0,0.0,anti-ship,10,0,122,108,"id 10801; carried craft: cargo 0, and flight_speed is a FLIGHT speed, not a warp stat"
Strix,10901,FT,1,2,3,4920,0,0,2800,1892.0,1848.0,1703.0,1792.0,1601.0,1294.0,1892.0,dual,10,14,131,109,"id 10901; account calls it 'Strix'; cn 林鸮 = wood owl; Strix is the owl genus; carried craft: cargo 0, and flight_speed is a FLIGHT speed, not a warp stat"
Balance Anderson,11401,FT,1,1,5,3450,0,50,2800,638.0,128.0,142.0,150.0,105.0,1125.0,1080.0,dual,10,10,135,114,"id 11401; account calls it 'Balance Anderson'; cn 安德森 = Anderson, the only one; carried craft: cargo 0, and flight_speed is a FLIGHT speed, not a warp stat"
Vitas A021,11501,FT,1,2,3,5370,3,0,3300,2624.0,1828.0,719.0,339.0,237.0,450.0,432.0,dual,10,15,130,115,"id 11501; account calls it 'Vitas A021'; cn 维A; 维 transliterates Vee/Vita; carried craft: cargo 0, and flight_speed is a FLIGHT speed, not a warp stat"
Vitas B010,11601,FT,1,3,2,5860,10,0,2500,3900.0,3822.0,3923.0,3716.0,2728.0,0.0,0.0,anti-ship,10,15,128,116,"id 11601; account calls it 'Vitas B010'; cn 维B; carried craft: cargo 0, and flight_speed is a FLIGHT speed, not a warp stat"
Spore,11801,FT,1,2,5,3550,0,0,3100,0.0,0.0,0.0,0.0,0.0,1038.0,748.0,dual,10,14,137,118,"id 11801; carried craft: cargo 0, and flight_speed is a FLIGHT speed, not a warp stat"
HaleBopp MR,21501,CO,2,1,1,7000,,,2400,,,,,,,,,10,0,134,215,"id 21501; account calls it 'HaleBopp MR'; 海尔波普 pair; this one has SHIP_PROB_ACTIVE_ON_CYCLE; no craft_matrix row (it carries no weapon), so the dpm columns are blank; carried craft: cargo 0, and flight_speed is a FLIGHT speed, not a warp stat"
HaleBopp Dock,21502,CO,2,1,1,7000,,,2400,,,,,,,,,10,0,137,215,"id 21502; account calls it 'HaleBopp Dock'; 海尔波普 pair; this one has WEAPON_ADD_SKILL_ON_REPAIR - repair-triggered, i.e. the dock variant; no craft_matrix row (it carries no weapon), so the dpm columns are blank; carried craft: cargo 0, and flight_speed is a FLIGHT speed, not a warp stat"
Tempel Intf,21601,CO,2,1,1,7100,2,0,2400,510.0,102.0,114.0,120.0,84.0,900.0,864.0,dual,10,0,140,216,"id 21601; account calls it 'Tempel Intf'; 坦普尔 pair; its WEAPON_ADD_SKILL_ON_ACTION grants skill 9158 = EFFECT_TARGET_PRIORITY_CONFUSION, i.e. interference; carried craft: cargo 0, and flight_speed is a FLIGHT speed, not a warp stat"
Tempel Alert,21602,CO,2,1,1,7100,2,0,2400,765.0,102.0,114.0,120.0,84.0,900.0,972.0,dual,10,0,140,216,"id 21602; account calls it 'Tempel Alert'; 坦普尔 pair; its skill is 9159 = EFFECT_EARLY_WARN_EFFI_ADD 20, i.e. early warning / alert; carried craft: cargo 0, and flight_speed is a FLIGHT speed, not a warp stat"
Silent Assassin,20301,CO,2,1,1,5350,6,0,2500,1721.0,1148.0,214.0,225.0,157.0,0.0,0.0,anti-ship,10,10,116,203,"id 20301; account calls it 'Silent Assassin'; Chris 2026-10-09: 'the RAY, 5350 HP' - 鳐, not 鳐SP at 7,700; carried craft: cargo 0, and flight_speed is a FLIGHT speed, not a warp stat"
CV-11003,20401,CO,2,1,1,4900,2,0,2500,1870.0,1054.0,228.0,240.0,168.0,396.0,636.0,dual,15,19,108,204,"id 20401; account calls it 'CV-11003'; cn II003 read as 11003, CV = corvette; carried craft: cargo 0, and flight_speed is a FLIGHT speed, not a warp stat"
RedBeast,20701,CO,2,1,1,5200,2,0,2500,2193.0,2040.0,1938.0,480.0,840.0,792.0,1308.0,dual,10,35,106,207,"id 20701; account calls it 'RedBeast'; cn RB7 = Red Beast 7; carried craft: cargo 0, and flight_speed is a FLIGHT speed, not a warp stat"
Cellular Defender,20801,CO,2,1,1,6650,2,0,2500,3375.0,3436.0,3238.0,1915.0,2542.0,558.0,846.0,dual,10,36,111,208,"id 20801; account calls it 'Cellular Defender'; cn 蜂巢 = hive/honeycomb, i.e. cells; carried craft: cargo 0, and flight_speed is a FLIGHT speed, not a warp stat"
NebulaChaser Ball,20901,CO,2,1,1,6300,2,0,2500,2346.0,1428.0,296.0,312.0,218.0,936.0,1488.0,dual,10,0,116,209,"id 20901; account calls it 'NebulaChaser Ball'; cn 星云A = Nebula A; ball = ballistic, and 20901 is the ballistic one against 20902's pulse; carried craft: cargo 0, and flight_speed is a FLIGHT speed, not a warp stat"
NebulaChaser Pulse,20902,CO,2,1,1,5400,2,0,2500,2720.0,2652.0,2736.0,2880.0,1904.0,960.0,1600.0,dual,10,44,114,209,"id 20902; account calls it 'NebulaChaser Pulse'; cn 星云脉冲 = Nebula Pulse; carried craft: cargo 0, and flight_speed is a FLIGHT speed, not a warp stat"
Void Elfin,21001,CO,2,1,1,5200,2,35,2500,3219.0,2726.0,1944.0,392.0,274.0,234.0,378.0,dual,10,34,116,210,"id 21001; account calls it 'Void Elfin'; cn 虚灵 = void spirit; carried craft: cargo 0, and flight_speed is a FLIGHT speed, not a warp stat"
CVM011 Miss,21101,CO,2,1,1,7500,2,0,2500,2218.0,1591.0,934.0,319.0,247.0,262.0,349.0,dual,15,6,109,211,"id 21101; account calls it 'CVM011 Miss'; cn M011导弹 = M011 Missile; carried craft: cargo 0, and flight_speed is a FLIGHT speed, not a warp stat"
CVM011 Can,21102,CO,2,1,1,7500,2,0,2500,2345.0,1664.0,893.0,319.0,247.0,262.0,349.0,dual,15,6,113,211,"id 21102; account calls it 'CVM011 Can'; cn M011重炮 = M011 Heavy Cannon; carried craft: cargo 0, and flight_speed is a FLIGHT speed, not a warp stat"
CVM011 HS,21103,CO,2,1,1,7500,2,5,2500,1073.0,776.0,296.0,131.0,95.0,1905.0,1965.0,dual,15,6,130,211,"id 21103; account calls it 'CVM011 HS'; cn M011高速 = M011 High-Speed; carried craft: cargo 0, and flight_speed is a FLIGHT speed, not a warp stat"
CVT800,21301,CO,2,1,1,7500,2,0,2500,2040.0,1989.0,2052.0,2160.0,1428.0,528.0,1560.0,dual,15,37,112,213,"id 21301; account calls it 'CVT800'; cn T800; carried craft: cargo 0, and flight_speed is a FLIGHT speed, not a warp stat"
SLevi9,21401,CO,2,1,1,6000,2,0,2400,2266.0,2424.0,2179.0,1993.0,2215.0,0.0,0.0,anti-ship,10,0,154,214,"id 21401; account calls it 'SLevi9'; cn S-列维9 = S Levi 9; carried craft: cargo 0, and flight_speed is a FLIGHT speed, not a warp stat"
