ship_id,name,cp,hp_stock,hp_upgraded,armour_stock,armour_upgraded,evasion_upgraded,dpm_vs_FF_stock,dpm_vs_DD_stock,dpm_vs_CA_stock,dpm_vs_BC_stock,dpm_vs_FF_upgraded,dpm_vs_DD_upgraded,dpm_vs_CA_upgraded,dpm_vs_BC_upgraded
50301,Io A,18,62120,74544,50,80,31,19866,17883,18928,17619,28595,25825,27440,25514
51202,Conamara Chaos Plasma,20,71600,85920,30,60,31,19632,18541,18744,17707,28102,26361,26649,25175
60401,Constantine the Great,35,141550,169860,160,310,0,23938,22453,24534,23235,38677,36376,40311,38570
31602,Reliat Energy,4,10530,11583,5,5,35,2702,2455,2649,2502,4239,3830,4133,3905
30401,XenoStinger Tactical,8,10530,12636,5,11,0,4793,4549,4831,4320,8464,8043,8525,7633
50401,Callisto A,18,79630,79630,40,40,0,12997,11520,12058,10283,17120,15374,17087,15044
50601,Chimera A,18,89390,116207,80,140,0,10200,9067,8209,6834,19267,17073,16028,13960
41102,Quaoar Torpedo,6,30540,36648,20,28,0,3751,3153,2624,2258,5836,5029,4817,4277
41201,Aldabra A,8,37090,44508,30,38,0,3928,3545,3254,2798,7247,6465,6161,5525
40202,Eris Heavy Cannon,9,30540,36648,20,28,41,3199,2459,1985,1661,8562,7708,6599,5681
31201,Mare Serenitatis A,5,14970,17964,5,5,0,2154,1964,1903,1648,3706,3401,3385,3019
40501,Taurus Pulse,11,36040,43248,20,28,16,3960,3757,3725,3513,8265,7809,5885,5567
40801,Winged Hussar A,6,22710,27252,20,28,0,3044,2706,2112,1328,5267,4759,4047,2931
31301,Mare Imbrium Basic,5,14480,17376,5,8,8,2135,2031,1817,1520,2851,2735,2530,2200
30501,Ruby Railgun,5,16520,19824,5,8,0,2185,2080,1864,1564,2499,2401,2235,1953
50201,066 General,18,71600,71600,50,50,0,7813,6703,6073,5226,7813,6703,6073,5226
50204,066 Support,18,66400,66400,50,50,0,2526,1819,1425,1203,4946,3845,2517,2199
80201,CV3000,40,278340,278340,120,120,0,7197,5900,4694,3835,7197,5900,4694,3835
30101,FG300 Multipurpose,3,10530,12636,5,8,8,813,163,197,197,1567,448,236,236
40702,Tundra Carrier,9,40030,44033,20,28,10,1116,536,439,275,2066,800,711,514
40101,AC721 Logistics,8,34140,40968,5,13,0,1050,426,212,212,2278,1249,302,302
30302,Mare Nubium AA,4,9030,10836,5,11,0,720,309,121,121,1271,554,150,150
40402,Ceres Support,8,32310,38772,20,28,0,1183,678,201,201,2006,1318,278,278
30803,Carilion Special,5,9770,11724,5,8,55,638,165,123,123,1051,472,149,149
30702,M470 Support,6,14000,16800,5,11,0,28,28,36,36,28,28,36,36
