planet,x,y,alarm
Orgin Station,2745,5926,Low
MuCentauri,2744,5891,Low
BountPlanet,2678,5908,Low
DeepSpcArray,2675,5786,Low
Fracture Planet,2885,6028,Low
Broadcast Star,2614,6164,Low
Free Port,2650,5124,Extreme
Granma,3456,6546,Medium
TycoLab,1740,5814,Medium
EpsiCentauri,2606,4294,Medium
Ares,4336,4900,Medium
Beta Lupi,814,5682,Medium
LW Mon Station,800,5820,Medium
ArbreCAP,2662,3666,Medium
AlphaLupi,922,4510,Medium
BlackGoldStar,5644,4932,High
Gacrux,4972,2804,High
Troy,6692,4662,High
BetaCrucis,3796,1658,High
AlphaCentA,1046,1704,Extreme
Proxima,1040,1700,Extreme
AlphaCentB,1036,1694,Extreme
Acrux,5876,1200,High
Reach,8650,5470,High
DS obs,8258,3386,High
