tier,level,cp_cap,bonus_pct,step_cost,total_cost,source
easy,1,20,3,1000,1000,"Chris 2026-10-08, in-game schedule, rechecked and confirmed (totals 1K, 4K, 12K, 32K, 82K); bonus 3%/level from the Orgin routes (+15% at level 5)"
easy,2,40,6,3000,4000,"Chris 2026-10-08"
easy,3,60,9,8000,12000,"Chris 2026-10-08"
easy,4,80,12,20000,32000,"Chris 2026-10-08, confirmed"
easy,5,100,15,50000,82000,"Chris 2026-10-08, confirmed"
mid,1,40,6,240000,240000,"Beta Lupi/TycoLab schedule, Chris 2026-10-08; step cost x3 per level"
mid,2,80,12,720000,960000,"Beta Lupi/TycoLab"
mid,3,120,18,2160000,3120000,"Beta Lupi/TycoLab"
mid,4,160,24,6480000,9600000,"Beta Lupi/TycoLab; +24% fits the game's $/hr at level 4"
mid,5,200,30,19440000,29040000,"Beta Lupi/TycoLab; +30% read in game on ArbreCAP/EpsiCentauri and Free Port/Ares at level 5"
hard,1,50,7,9000000,9000000,"Chris 2026-10-08, in-game schedule; step cost x2 per level; bonus 7%/level from Proxima (+14% at L2) and Troy (+28% at L4)"
hard,2,100,14,18000000,27000000,"Chris 2026-10-08, in-game schedule; step cost x2 per level; +14% read on Proxima/AlphaCentA"
hard,3,150,21,36000000,63000000,"Chris 2026-10-08, in-game schedule; step cost x2 per level"
hard,4,200,28,72000000,135000000,"Chris 2026-10-08, in-game schedule; step cost x2 per level; +28% read on BlackGoldStar/Troy (both accounts)"
hard,5,300,,144000000,279000000,"Chris 2026-10-08, in-game schedule; step cost x2 per level; cap jumps +100 (not +50); bonus not read (35 if 7%/level holds)"
