id,name,cp,max_tp,stock,q25,q50,q75,q100,first_quarter_dpm_per_tp,last_quarter_dpm_per_tp,concavity
30101,FG300 Multipurpose,3,20,197,206,215,226,237,1.76,2.33,1.321
30102,FG300 Armored,3,16,135,141,147,155,162,1.47,1.94,1.321
30103,FG300 Recon,3,18,70,73,76,79,83,0.65,0.86,1.321
30201,Mare Tranquillitatis Missile,4,26,244,278,309,322,338,5.18,2.49,0.479
30202,Mare Tranquillitatis Pulse,4,26,310,359,402,415,431,7.62,2.49,0.326
30203,Mare Tranquillitatis Interceptor,4,26,173,199,222,230,239,4.03,1.41,0.35
30301,Mare Nubium Siege,4,30,88,103,110,111,112,2.06,0.12,0.06
30302,Mare Nubium AA,4,30,115,128,138,145,153,1.71,0.96,0.56
30401,XenoStinger Tactical,8,51,4320,5198,6412,7087,7611,68.83,41.08,0.597
30402,XenoStinger AA,6,27,169,180,186,193,201,1.61,1.13,0.701
30403,XenoStinger Landing,6,3,43,45,47,49,51,2.54,2.54,1.0
30501,Ruby Railgun,5,50,1565,1896,2249,2592,2771,26.47,14.32,0.541
30502,Ruby Ion Cannon,8,43,3073,3398,3706,4037,4310,30.24,25.43,0.841
30503,Ruby Defense,5,16,450,495,549,577,613,11.14,9.16,0.822
30601,NOMA 330武装,3,30,115,120,127,134,141,0.75,1.03,1.359
30701,M470 Siege,6,20,43,44,45,45,46,0.15,0.13,0.868
30703,M470 AA,6,27,84,91,98,106,113,1.07,1.07,1.0
30801,Carilion Recon,4,46,122,136,154,177,192,1.21,1.3,1.077
30802,Carilion Heavy Cannon,5,40,1165,1362,1619,1937,2212,19.7,27.55,1.399
30803,Carilion Special,5,16,123,128,135,142,149,1.41,1.92,1.359
31101,Holy Spirit,6,60,4967,6023,7225,8299,9390,70.43,72.71,1.032
31102,Holy Spirit,6,55,3610,4269,4876,5496,5544,47.98,3.46,0.072
31201,Mare Serenitatis A,5,50,1533,1874,2318,2709,3202,27.33,39.44,1.443
31202,Mare Serenitatis Missile,5,50,447,640,818,1012,1144,15.51,10.54,0.68
31203,Mare Serenitatis AA,5,18,129,133,136,141,146,0.79,1.06,1.341
31301,Mare Imbrium Basic,5,40,1534,1793,2161,2493,2836,25.81,34.29,1.328
31302,Mare Imbrium Pulse,8,40,2352,2767,3360,3694,4029,41.51,33.43,0.805
31601,Reliat A,4,30,325,346,371,395,418,2.82,3.0,1.065
31602,Reliat Energy,4,60,2336,2761,3191,3536,3756,28.37,14.61,0.515
31603,Reliat Stealth,4,50,946,1242,1500,1726,2019,23.66,23.46,0.992
31701,Trader Transport,4,22,148,154,162,166,169,1.26,0.67,0.53
31702,Trader Support,4,10,14,15,16,17,19,0.44,0.74,1.693
31801,Inostrancevia 防御护卫舰,6,27,201,221,242,270,309,2.88,5.72,1.99
31802,Inostrancevia 突击护卫舰,6,51,2862,3350,3999,4400,4751,38.3,27.55,0.719
31803,Inostrancevia 攻坚护卫舰,8,55,3463,4235,5337,6081,6725,55.92,46.68,0.835
31901,Zircon,8,54,2084,2444,2894,3201,3390,26.71,14.01,0.525
31902,Zircon,8,67,4193,5147,6150,7035,7719,56.75,40.66,0.717
32301,Alkaid-class General,6,24,450,517,584,658,741,11.09,13.79,1.243
32302,Alkaid-class Special,6,24,450,517,584,658,741,11.09,13.79,1.243
37101,Rager Fast,5,30,327,349,375,406,443,2.93,4.96,1.693
37102,Rager Torpedo,5,45,2255,2519,2784,3018,3188,23.46,15.07,0.643
37301,Severe Assault,5,30,1836,1948,2061,2174,2286,15.0,15.0,1.0
37401,XT 8 Amphibious,4,30,34,35,36,36,37,0.1,0.08,0.868
37402,XT 8 Armed Missile,4,30,277,290,305,321,340,1.76,2.45,1.391
37801,FG300-SP,3,20,131,137,143,151,158,1.18,1.55,1.321
38101,NOMA 330武装,3,30,115,120,127,134,141,0.75,1.03,1.359
38201,XT 8 Amphibious,4,30,34,35,36,36,37,0.1,0.08,0.868
38202,XT 8 Armed Missile,4,30,277,290,305,321,340,1.76,2.45,1.391
38801,Mare Imbrium Basic,8,40,1534,1793,2161,2493,2836,25.81,34.29,1.328
38802,Mare Imbrium Pulse,6,40,2352,2767,3360,3694,4029,41.51,33.43,0.805
40101,AC721 Logistics,8,20,214,231,251,275,304,3.41,5.74,1.683
40102,AC721 Missile,8,38,326,362,381,403,426,3.77,2.5,0.663
40103,AC721 Ion Cannon,12,56,3797,4541,5157,5762,6171,53.14,29.15,0.549
40104,AC721 Amphibious,12,10,144,156,170,187,206,4.7,7.96,1.693
40105,720 Hero,12,40,3672,4284,4896,5564,6442,61.2,87.85,1.435
40201,Eris Cannon,7,20,425,460,500,549,607,6.92,11.71,1.693
40202,Eris Heavy Cannon,9,50,1677,2400,3517,4868,5737,57.87,69.55,1.202
40203,Eris Armor,7,20,425,460,500,549,607,6.92,11.71,1.693
40401,Ceres Carrier,8,4,153,160,166,173,180,6.75,6.75,1.0
40402,Ceres Support,8,36,201,258,273,282,291,6.29,0.92,0.147
40403,Ceres Tactical,8,10,153,165,180,197,219,4.98,8.43,1.693
40501,Taurus Pulse,11,36,3540,4012,4686,5122,5610,52.41,54.19,1.034
40502,Taurus Assault,11,45,3544,4197,4972,5771,6452,57.98,60.45,1.043
40503,Taurus Defense,8,24,2862,3225,3536,3788,4045,60.58,42.79,0.706
40801,Winged Hussar A,6,63,1302,1786,2242,2631,2869,30.69,15.09,0.492
40802,Winged Hussar B,6,60,450,752,980,1225,1500,20.12,18.37,0.913
40803,Winged Hussar 区域防空,6,40,530,861,1128,1342,1506,33.12,16.43,0.496
41001,Guardian Support,9,20,321,358,399,416,422,7.4,1.2,0.162
41002,Guardian Amphibious,14,15,273,294,319,344,364,5.62,5.4,0.961
41003,Guardian Pulse,9,32,3646,4290,5209,5720,6241,80.44,65.18,0.81
41101,Quaoar Railgun,6,50,1991,2953,4381,5974,6870,76.97,71.72,0.932
41102,Quaoar Torpedo,6,70,2029,3508,4405,5403,6511,84.49,63.29,0.749
41201,Aldabra A,8,50,2764,3374,4176,4879,5583,48.84,56.25,1.152
41202,Aldabra B,8,40,2588,3042,3691,4205,4719,45.44,51.43,1.132
41203,Aldabra AA,8,20,616,637,660,685,712,4.18,5.48,1.31
41301,Vanguard Amphibious,9,4,230,240,250,260,270,10.12,10.12,1.0
41302,Vanguard Carrier,10,34,977,1104,1233,1305,1474,14.85,19.88,1.339
41401,Fluorite-class Info,7,30,1102,1242,1360,1455,1550,18.65,12.71,0.681
41402,Fluorite-class Electronic,7,30,1102,1242,1360,1455,1550,18.65,12.71,0.681
41501,Helios Heavy Cannon,6,70,1704,2398,3263,4155,4183,39.64,1.6,0.04
41502,Helios Tactical,6,50,520,805,1062,1287,1377,22.78,7.26,0.319
42001,Mizar,12,60,2732,3357,3999,4706,5499,41.61,52.89,1.271
42002,Mizar,12,70,3086,3910,5041,6203,7337,47.13,64.76,1.374
47101,Scorching Cannon,15,49,2971,3491,4067,4878,5564,42.46,56.04,1.32
47301,Frost Missile,10,50,2346,2808,3278,3890,4354,36.97,37.14,1.005
47302,Frost Defense,10,30,345,364,389,413,428,2.62,1.97,0.752
47401,XT 10 Armed Torpedo,10,50,3027,3549,4074,4663,5261,41.75,47.83,1.145
47501,AC721 Missile SP,8,38,326,362,381,403,426,3.77,2.5,0.663
48101,Scorching Cannon,15,49,2971,3491,4067,4878,5564,42.46,56.04,1.32
48701,Taurus Assault,8,36,3474,3816,4167,4506,4905,38.0,44.34,1.167
50101,KCPV-A,16,60,3086,3911,4832,5850,6057,54.95,13.78,0.251
50102,KCPV Pulse,16,76,4088,5067,6279,7156,7702,51.52,28.74,0.558
50103,KCPV Railgun,16,70,4055,4947,6080,6879,7543,50.96,37.96,0.745
50104,KCCPV2.0 Carrier,16,30,1742,2137,2502,2898,3036,52.57,18.49,0.352
50201,066 General,18,73,5002,6168,7723,8780,9925,63.9,62.69,0.981
50202,066 Bombardment,18,40,8433,10106,11165,12545,13360,167.29,81.47,0.487
50203,066 Carrier,18,24,2229,2622,3184,3666,4149,65.56,80.36,1.226
50204,066 Support,18,24,1216,1431,1738,1979,2220,35.78,40.18,1.123
50301,Io A,18,56,17761,21144,23921,27084,29234,241.64,153.54,0.635
50302,Io B,18,52,17600,19773,21488,22199,22789,167.09,45.35,0.271
50303,Io Siege,18,52,14778,17453,19623,21366,22868,205.77,115.56,0.562
50401,Callisto A,18,76,9283,12113,15326,18002,19112,148.95,58.46,0.392
50402,Callisto Heavy,20,76,14886,19107,23075,26475,28096,222.15,85.28,0.384
50403,Callisto Drone,16,48,6546,8615,10980,12013,12065,172.45,4.33,0.025
50501,Light Cone Composite A,20,59,6135,8510,10941,12775,12888,161.0,7.66,0.048
50502,Light Cone Area AA,20,46,2972,3858,4650,5178,5224,77.04,4.03,0.052
50503,Light Cone Attack C,20,54,8102,10456,12944,15407,16463,174.39,78.23,0.449
50601,Chimera A,18,64,6511,8220,10842,12499,13710,106.8,75.69,0.709
50602,Chimera B,20,50,8637,10627,13250,15679,18185,159.18,200.53,1.26
50603,Chimera Defense,20,40,4782,5643,6523,7686,8990,86.09,130.41,1.515
51001,Predator Carrier,18,16,316,343,370,392,419,6.64,6.71,1.011
51002,Predator Tactical Carrier,18,6,102,111,120,133,146,6.0,8.57,1.429
51003,Predator AA Carrier,18,12,134,152,178,180,183,6.0,0.91,0.151
51101,Jaeger Carrier,20,10,302,327,355,390,431,9.83,16.64,1.693
51102,Jaeger Cannon,18,58,4352,5409,6958,8456,9303,72.91,58.4,0.801
51201,Conamara Chaos Railgun,16,65,7095,9359,11928,14011,14195,139.34,11.32,0.081
51202,Conamara Chaos Plasma,20,73,17879,22639,26658,30452,31021,260.81,31.19,0.12
51301,Ranger Composite,16,80,4230,5201,6112,6825,7646,48.53,41.05,0.846
51302,Ranger Ion,18,80,11346,13527,16104,18064,20288,109.02,111.19,1.02
51401,Arctos A型号,18,56,11001,12627,14574,16169,16295,116.14,9.02,0.078
51402,Arctos B型号,18,32,898,961,1039,1112,1177,7.82,8.2,1.048
51403,Arctos C型号,18,56,1981,2565,3093,3659,3754,41.71,6.72,0.161
52001,Alioth-class Type A,20,36,596,677,765,787,822,9.04,3.89,0.43
52002,Alioth-class Type B,20,12,450,479,512,549,593,9.61,14.42,1.5
52003,Alioth-class Type C,20,36,596,677,765,787,822,9.04,3.89,0.43
52101,Cretaceous-class Type A,20,12,307,332,361,397,439,8.33,14.11,1.693
52102,Cretaceous-class Type B,20,42,841,1011,1242,1252,1259,16.19,0.71,0.044
57101,Omni Ion Cannon,18,48,7366,8291,9406,10488,10873,77.05,32.03,0.416
57303,XT 20 Support,14,10,371,376,381,386,391,1.92,1.92,1.0
58101,Omni Ion Cannon,18,48,7366,8291,9406,10488,10873,77.05,32.03,0.416
60201,Eternal Storm,32,100,19999,24651,29478,31465,32985,186.08,60.79,0.327
60301,ST59,28,72,8559,10360,11686,13300,15452,100.05,119.56,1.195
60401,Constantine the Great,35,97,21673,26223,30889,35340,41619,187.64,258.91,1.38
60501,Spear of Uranus,35,72,14494,16910,18848,21076,23686,134.25,145.05,1.08
60601,Thunderbolt,32,72,15719,18502,21257,21995,22088,154.61,5.19,0.034
60701,Shield of Plutus,35,62,11830,13942,16026,17138,17909,136.28,49.77,0.365
60801,Antontas Command Ship,35,72,13908,16485,18721,20614,22035,143.16,78.92,0.551
61301,Megrez,35,40,5005,6256,7507,8341,9384,125.12,104.27,0.833
67101,Indomitable Missile,30,110,8706,11568,14632,16281,19175,104.07,105.25,1.011
68101,Indomitable Missile,30,110,8706,11568,14632,16281,19175,104.07,105.25,1.011
70401,Ganymede,40,5,382,397,414,431,450,11.98,15.14,1.264
70501,Ediacaran,40,74,11160,12460,13666,14667,14690,70.27,1.25,0.018
80101,Solar Whale,55,48,11716,12735,14499,15947,17395,84.89,120.66,1.421
80201,CV3000,40,40,3850,4150,4455,4862,5331,30.0,46.86,1.562
80301,Marshal Crux,40,40,11565,12977,14786,16195,18259,141.21,206.37,1.461
80401,Eternal Heavens,40,40,3182,3630,4078,4538,5114,44.8,57.59,1.285
80801,Dubhe,40,20,684,703,724,750,782,3.71,6.28,1.693
80901,Thunderous Radiance,35,20,7846,8215,8585,8954,9415,73.85,92.31,1.25
40701,Tundra Tactical,9,20,249,276,315,324,334,5.4,1.92,0.356
40702,Tundra Carrier,9,20,266,322,378,427,493,11.26,13.15,1.168
